Person 1,Person 2,Start Date
Michelle Hicks,Leslie Jones,2016-12-11
Larry Martinez,Mario Mathis,2013-06-04
Brittany Young,Dr. Erica Barr,2008-08-04
Kelly Escobar,James Reed,1975-03-04
Sarah Bennett,Trevor Grant,1978-05-14
Mr. Robert Smith,Glenn Gamble,1996-06-14
Andrew Schwartz,Mark Hughes,2014-09-25
Crystal Taylor,Stephanie Cook,1994-06-05
Austin Park,Madeline Moore,2001-05-14
Emily Martinez,Amanda Smith,2007-01-02
John Brown,Tasha Stewart,1988-09-09
Brenda Farrell,Robert Noble,2013-11-11
Stephanie Cook,Karen Guzman,1988-07-24
Darlene Woodward,Carolyn Ortiz,2017-07-06
Candace Fernandez,Elizabeth Banks,1997-06-04
Stephanie Cook,Michele Wilkinson,1990-11-23
Devin Tate,Christine Holt,2007-05-13
Stephanie Cook,Timothy Heath,1976-05-09
Austin Park,Michael Merritt,1996-07-13
Karen Guzman,Kelly Escobar,2003-12-10
Anthony Erickson,Brian Banks,2022-12-06
Lee Riggs,Trevor Grant,1982-08-10
Nicole Lopez,Gregory Brown,1995-09-21
Dr. Erica Barr,Allison Cruz,2019-08-07
Brian Banks,Katrina Oneal,2011-09-06
Michele Wilkinson,Casey Henry,2001-04-24
Christopher Johnson,Jennifer Clark,2024-02-23
Erin Price,Gregory Brown,1976-11-08
Jennifer Green,Jennifer Clark,1979-11-24
Elizabeth Blair,Hayden Ramirez,1977-05-13
Nicole Lopez,Jennifer Mcgee,1982-06-14
Lynn Wood,Brenda Farrell,2016-03-13
Timothy Heath,Jason Scott,1989-01-27
Michelle Mendoza,Andrew Schwartz,2002-08-25
Cody Perkins,Timothy Heath,1983-01-04
Tiffany King,Brenda Farrell,1998-07-08
Kristina White,Manuel Morse,1991-11-13
Alicia Carlson,Devin Tate,2003-02-05
Jesse Stevens,Carla Wall,1982-08-16
Heather Harris,Elizabeth Blair,1983-10-27
Emily Miller,Devin Tate,2018-06-25
Tiffany Burns,Jason Scott,1998-09-17
Stephen Woodard,Robert Young,1991-10-04
Carol Murphy,Anna Reese,1975-05-18
Sarah Bennett,Amanda Smith,1979-11-05
Caitlin Ellis,Robert Meza,2002-06-15
Nicholas Hall,Debra Mcdonald,1993-01-17
Matthew Anderson,Carol Murphy,1983-05-05
Elizabeth Blair,Amy Mcdonald,1999-08-16
Joseph Aguirre,James Reed,2022-10-07
Joanne Valenzuela,Darlene Woodward,2004-12-02
James Whitaker,Dillon Stewart,2010-09-18
Francis Elliott,Emily Miller,1997-12-03
Stephanie Ryan,Crystal James,1983-06-13
Helen Riley,John Brown,2020-03-25
Grace Mcintosh,Brittany Young,1998-09-21
Sarah Bennett,Robert Miller,2014-05-23
Amy Mcdonald,Stephanie Ryan,1989-07-06
Larry Martinez,Kelly Escobar,2012-10-31
Jesse Stevens,Nancy Barron,2010-12-30
Megan Hinton,Michelle Mendoza,1992-03-07
Tiffany Burns,Katrina Oneal,2008-08-05
Abigail Johnson,Gabriel Torres,1982-12-25
Nicholas Richards,Steven Day,1984-09-24
Brandon Caldwell,Brian Banks,2014-10-16
Alan Zhang,Debra Mcdonald,2017-11-24
Robert Young,Paul Ramirez,2012-12-13
Christopher Miller,Michelle Mendoza,2006-05-13
Kimberly Mcclure,Stephanie Cook,2022-08-05
Holly Steele,Johnathan Ball,2007-03-07
Stacey Johnson,Lindsey Rogers,2022-10-21
Elizabeth Hernandez,Larry Martinez,2001-08-08
Jennifer Reed,Carla Wall,2008-09-16
Crystal Taylor,John Raymond,1976-02-24
Jennifer Green,Caitlin Ellis,1980-07-05
Jason Miller,Kristina White,2019-09-22
James Johnson,Debra Flores,1985-09-24
Darlene Woodward,Robert Young,2015-05-07
David Long,Kevin Cabrera,1992-12-20
Megan Hinton,Tara Nguyen,1981-12-19
Kimberly Mcclure,Pamela Hull,2017-03-12
Charles Walker,Paul Ramirez,2012-12-07
Tiffany Burns,Tara Nguyen,1976-12-12
Nathaniel Rodriguez,Andrew Schwartz,2013-12-12
Heather Harris,Christopher Miller,2013-07-17
Samuel Alexander,Heather Garcia,2017-12-31
Cody Perkins,Allison Cruz,1975-08-05
Michael Hansen,Hannah Gray,1983-04-03
Benjamin Patel,Jason Scott,2022-09-26
Ryan Hodges,Kayla Johnson,1981-12-05
Johnny Quinn,Brett Jordan,2006-03-13
Laura Adams,Frederick Glass,2014-11-11
Kimberly Freeman,Candace Fernandez,1986-07-11
Virginia Mosley,Jennifer Reed,1996-04-09
Lorraine Mathis,Debra Flores,2019-10-23
Michael Hansen,Nancy Barron,1998-12-03
Jason Hendricks,Patricia Simmons,2020-02-05
Debra Flores,Ronnie Roberts,1996-03-20
Anthony Erickson,Kimberly Mcclure,1979-10-03
Nicole Lopez,Jennifer Bennett,1985-07-21
Elizabeth Banks,Nathaniel Rodriguez,2002-10-23
Jennifer Brown,Raymond Hawkins,2020-08-23
Matthew Anderson,Candace Fernandez,2016-11-08
James Whitaker,Tiffany Thornton,1999-01-15
Stephanie Cook,Andrew Schwartz,1993-06-24
Timothy Heath,Gabrielle Collins,2006-04-10
Patricia Simmons,David Ritter,1982-12-29
Glenn Gamble,Leslie Jones,2022-01-08
John Brown,Nicholas Hall,1995-07-22
Jason Miller,Caitlin Ellis,2022-06-29
Grace Mcintosh,Amber Wallace,2008-03-18
Devin Tate,Nicholas Hall,2008-09-09
David Moss,David Long,2009-11-27
Charles Walker,Robert Meza,1985-11-27
Patrick Montgomery,Brenda Farrell,1987-06-16
Jacob Macdonald,Sharon Valencia,2006-03-17
Elizabeth Hernandez,Nathaniel Rodriguez,1997-08-11
Janice Baker,Brett Jordan,1980-08-20
Anna Reese,Lynn Wood,1985-03-22
Jorge Potter,Crystal Garcia,1991-06-08
Jason Scott,Diane Mays,2014-11-12
Alex Fox,Sharon Valencia,2023-03-01
Teresa Savage,Nicole Lopez,1982-11-15
Darlene Woodward,Allison Cruz,2016-04-27
Charles Walker,Janice Baker,1983-02-16
Andrea Ford,Crystal Taylor,2012-04-04
Katrina Oneal,Crystal Taylor,1991-06-13
Patrick Montgomery,Erica Lynn,1993-07-02
Ronald Schneider,Laura Schwartz,2006-10-10
Tyler King,Elizabeth Hernandez,2009-04-09
